[{"model": "auth.permission", "pk": 1, "fields": {"name": "Can add log entry", "content_type": 1, "codename": "add_logentry"}}, {"model": "auth.permission", "pk": 2, "fields": {"name": "Can change log entry", "content_type": 1, "codename": "change_logentry"}}, {"model": "auth.permission", "pk": 3, "fields": {"name": "Can delete log entry", "content_type": 1, "codename": "delete_logentry"}}, {"model": "auth.permission", "pk": 4, "fields": {"name": "Can view log entry", "content_type": 1, "codename": "view_logentry"}}, {"model": "auth.permission", "pk": 5, "fields": {"name": "Can add permission", "content_type": 2, "codename": "add_permission"}}, {"model": "auth.permission", "pk": 6, "fields": {"name": "Can change permission", "content_type": 2, "codename": "change_permission"}}, {"model": "auth.permission", "pk": 7, "fields": {"name": "Can delete permission", "content_type": 2, "codename": "delete_permission"}}, {"model": "auth.permission", "pk": 8, "fields": {"name": "Can view permission", "content_type": 2, "codename": "view_permission"}}, {"model": "auth.permission", "pk": 9, "fields": {"name": "Can add group", "content_type": 3, "codename": "add_group"}}, {"model": "auth.permission", "pk": 10, "fields": {"name": "Can change group", "content_type": 3, "codename": "change_group"}}, {"model": "auth.permission", "pk": 11, "fields": {"name": "Can delete group", "content_type": 3, "codename": "delete_group"}}, {"model": "auth.permission", "pk": 12, "fields": {"name": "Can view group", "content_type": 3, "codename": "view_group"}}, {"model": "auth.permission", "pk": 13, "fields": {"name": "Can add content type", "content_type": 4, "codename": "add_contenttype"}}, {"model": "auth.permission", "pk": 14, "fields": {"name": "Can change content type", "content_type": 4, "codename": "change_contenttype"}}, {"model": "auth.permission", "pk": 15, "fields": {"name": "Can delete content type", "content_type": 4, "codename": "delete_contenttype"}}, {"model": "auth.permission", "pk": 16, "fields": {"name": "Can view content type", "content_type": 4, "codename": "view_contenttype"}}, {"model": "auth.permission", "pk": 17, "fields": {"name": "Can add session", "content_type": 5, "codename": "add_session"}}, {"model": "auth.permission", "pk": 18, "fields": {"name": "Can change session", "content_type": 5, "codename": "change_session"}}, {"model": "auth.permission", "pk": 19, "fields": {"name": "Can delete session", "content_type": 5, "codename": "delete_session"}}, {"model": "auth.permission", "pk": 20, "fields": {"name": "Can view session", "content_type": 5, "codename": "view_session"}}, {"model": "auth.permission", "pk": 21, "fields": {"name": "Can add user", "content_type": 6, "codename": "add_user"}}, {"model": "auth.permission", "pk": 22, "fields": {"name": "Can change user", "content_type": 6, "codename": "change_user"}}, {"model": "auth.permission", "pk": 23, "fields": {"name": "Can delete user", "content_type": 6, "codename": "delete_user"}}, {"model": "auth.permission", "pk": 24, "fields": {"name": "Can view user", "content_type": 6, "codename": "view_user"}}, {"model": "auth.permission", "pk": 25, "fields": {"name": "Can add team", "content_type": 7, "codename": "add_team"}}, {"model": "auth.permission", "pk": 26, "fields": {"name": "Can change team", "content_type": 7, "codename": "change_team"}}, {"model": "auth.permission", "pk": 27, "fields": {"name": "Can delete team", "content_type": 7, "codename": "delete_team"}}, {"model": "auth.permission", "pk": 28, "fields": {"name": "Can view team", "content_type": 7, "codename": "view_team"}}, {"model": "auth.permission", "pk": 29, "fields": {"name": "Can add team membership", "content_type": 8, "codename": "add_teammembership"}}, {"model": "auth.permission", "pk": 30, "fields": {"name": "Can change team membership", "content_type": 8, "codename": "change_teammembership"}}, {"model": "auth.permission", "pk": 31, "fields": {"name": "Can delete team membership", "content_type": 8, "codename": "delete_teammembership"}}, {"model": "auth.permission", "pk": 32, "fields": {"name": "Can view team membership", "content_type": 8, "codename": "view_teammembership"}}, {"model": "auth.permission", "pk": 33, "fields": {"name": "Can add task", "content_type": 9, "codename": "add_task"}}, {"model": "auth.permission", "pk": 34, "fields": {"name": "Can change task", "content_type": 9, "codename": "change_task"}}, {"model": "auth.permission", "pk": 35, "fields": {"name": "Can delete task", "content_type": 9, "codename": "delete_task"}}, {"model": "auth.permission", "pk": 36, "fields": {"name": "Can view task", "content_type": 9, "codename": "view_task"}}, {"model": "auth.permission", "pk": 37, "fields": {"name": "Can add blacklisted token", "content_type": 10, "codename": "add_blacklistedtoken"}}, {"model": "auth.permission", "pk": 38, "fields": {"name": "Can change blacklisted token", "content_type": 10, "codename": "change_blacklistedtoken"}}, {"model": "auth.permission", "pk": 39, "fields": {"name": "Can delete blacklisted token", "content_type": 10, "codename": "delete_blacklistedtoken"}}, {"model": "auth.permission", "pk": 40, "fields": {"name": "Can view blacklisted token", "content_type": 10, "codename": "view_blacklistedtoken"}}, {"model": "auth.permission", "pk": 41, "fields": {"name": "Can add outstanding token", "content_type": 11, "codename": "add_outstandingtoken"}}, {"model": "auth.permission", "pk": 42, "fields": {"name": "Can change outstanding token", "content_type": 11, "codename": "change_outstandingtoken"}}, {"model": "auth.permission", "pk": 43, "fields": {"name": "Can delete outstanding token", "content_type": 11, "codename": "delete_outstandingtoken"}}, {"model": "auth.permission", "pk": 44, "fields": {"name": "Can view outstanding token", "content_type": 11, "codename": "view_outstandingtoken"}}, {"model": "auth.permission", "pk": 45, "fields": {"name": "Can add Token", "content_type": 12, "codename": "add_token"}}, {"model": "auth.permission", "pk": 46, "fields": {"name": "Can change Token", "content_type": 12, "codename": "change_token"}}, {"model": "auth.permission", "pk": 47, "fields": {"name": "Can delete Token", "content_type": 12, "codename": "delete_token"}}, {"model": "auth.permission", "pk": 48, "fields": {"name": "Can view Token", "content_type": 12, "codename": "view_token"}}, {"model": "auth.permission", "pk": 49, "fields": {"name": "Can add Token", "content_type": 13, "codename": "add_tokenproxy"}}, {"model": "auth.permission", "pk": 50, "fields": {"name": "Can change Token", "content_type": 13, "codename": "change_tokenproxy"}}, {"model": "auth.permission", "pk": 51, "fields": {"name": "Can delete Token", "content_type": 13, "codename": "delete_tokenproxy"}}, {"model": "auth.permission", "pk": 52, "fields": {"name": "Can view Token", "content_type": 13, "codename": "view_tokenproxy"}}, {"model": "contenttypes.contenttype", "pk": 1, "fields": {"app_label": "admin", "model": "logentry"}}, {"model": "contenttypes.contenttype", "pk": 2, "fields": {"app_label": "auth", "model": "permission"}}, {"model": "contenttypes.contenttype", "pk": 3, "fields": {"app_label": "auth", "model": "group"}}, {"model": "contenttypes.contenttype", "pk": 4, "fields": {"app_label": "contenttypes", "model": "contenttype"}}, {"model": "contenttypes.contenttype", "pk": 5, "fields": {"app_label": "sessions", "model": "session"}}, {"model": "contenttypes.contenttype", "pk": 6, "fields": {"app_label": "scrum", "model": "user"}}, {"model": "contenttypes.contenttype", "pk": 7, "fields": {"app_label": "scrum", "model": "team"}}, {"model": "contenttypes.contenttype", "pk": 8, "fields": {"app_label": "scrum", "model": "teammembership"}}, {"model": "contenttypes.contenttype", "pk": 9, "fields": {"app_label": "scrum", "model": "task"}}, {"model": "contenttypes.contenttype", "pk": 10, "fields": {"app_label": "token_blacklist", "model": "blacklistedtoken"}}, {"model": "contenttypes.contenttype", "pk": 11, "fields": {"app_label": "token_blacklist", "model": "outstandingtoken"}}, {"model": "contenttypes.contenttype", "pk": 12, "fields": {"app_label": "authtoken", "model": "token"}}, {"model": "contenttypes.contenttype", "pk": 13, "fields": {"app_label": "authtoken", "model": "tokenproxy"}}, {"model": "scrum.user", "pk": 1, "fields": {"password": "pbkdf2_sha256$870000$C7G6U5zOpWdgH3Ge8VcGaI$0p1DqcxxdVNQ+9zzXISMG/DGXtMQ1ytM8ZodPiR+3FM=", "last_login": null, "is_superuser": false, "username": "scrum_master", "first_name": "", "last_name": "", "email": "scrum_master@example.com", "is_staff": false, "is_active": true, "date_joined": "2025-01-25T21:31:43.028Z", "role": "Scrum Master", "groups": [], "user_permissions": []}}, {"model": "scrum.user", "pk": 2, "fields": {"password": "pbkdf2_sha256$870000$F9Tg3dIx5f7YdwCHyNL5sd$DXhHpkRzPjXTVKjlstSVIRXGdZqImsL+2XgZTyoKJCA=", "last_login": null, "is_superuser": false, "username": "shivam", "first_name": "", "last_name": "", "email": "shivam@example.com", "is_staff": false, "is_active": true, "date_joined": "2025-01-25T21:33:39.157Z", "role": null, "groups": [], "user_permissions": []}}, {"model": "scrum.user", "pk": 3, "fields": {"password": "pbkdf2_sha256$870000$Q3DabbM3HvxNElJkvYaBnO$vqrZHOx7osNhN63M/2Y+jRl8ID3KLro1ovzEnSwKr88=", "last_login": null, "is_superuser": false, "username": "scrum_master1", "first_name": "", "last_name": "", "email": "scrum_master@example.com", "is_staff": false, "is_active": true, "date_joined": "2025-01-26T05:20:57.327Z", "role": null, "groups": [], "user_permissions": []}}, {"model": "scrum.user", "pk": 4, "fields": {"password": "pbkdf2_sha256$870000$UKoElyet2kBsslWXzHgYtm$fyszgSEaqtJfTchKoyAH60EklecT0PXSDW5/H4MLKnI=", "last_login": null, "is_superuser": false, "username": "poornima", "first_name": "", "last_name": "", "email": "new_admin@example.com", "is_staff": false, "is_active": true, "date_joined": "2025-01-26T09:52:16.603Z", "role": null, "groups": [], "user_permissions": []}}, {"model": "scrum.user", "pk": 5, "fields": {"password": "pbkdf2_sha256$870000$qyTwWBxOAJQQGyiW5mo2RU$dcHMNAIVuEgqgXoVDTh/Bfomhs5Wm5q5c41MmBeY+jg=", "last_login": null, "is_superuser": false, "username": "poo", "first_name": "", "last_name": "", "email": "new_admin@example.com", "is_staff": false, "is_active": true, "date_joined": "2025-01-26T10:00:33.290Z", "role": null, "groups": [], "user_permissions": []}}, {"model": "scrum.user", "pk": 6, "fields": {"password": "pbkdf2_sha256$870000$ZDMAsv6Z3rYCZdwvntPBp0$2Nh5dFD8X1YpSsWvh0/TKjGDSmHXzIyXEejklcRI3s0=", "last_login": null, "is_superuser": false, "username": "s2", "first_name": "", "last_name": "", "email": "s2@example.com", "is_staff": false, "is_active": true, "date_joined": "2025-01-26T10:30:23.745Z", "role": "Admin", "groups": [], "user_permissions": []}}, {"model": "scrum.user", "pk": 7, "fields": {"password": "pbkdf2_sha256$870000$3r56UMxhiP3dgOEtQUGHBD$XIowvZLdj+/v/R4JWdM3U4Zs6BhFCuh6bJ9UZLhvRcE=", "last_login": null, "is_superuser": false, "username": "p2", "first_name": "", "last_name": "", "email": "p2@example.com", "is_staff": false, "is_active": true, "date_joined": "2025-01-26T10:35:49.825Z", "role": null, "groups": [], "user_permissions": []}}, {"model": "scrum.user", "pk": 8, "fields": {"password": "pbkdf2_sha256$870000$ethISuVLacKBWs3C2iNpgZ$4DDP5Uf1r33H/ly94H0k4Y/jQ5NUZn+4k3iBDEGVKQs=", "last_login": null, "is_superuser": false, "username": "p3", "first_name": "", "last_name": "", "email": "p3@example.com", "is_staff": false, "is_active": true, "date_joined": "2025-01-26T10:41:04.216Z", "role": null, "groups": [], "user_permissions": []}}, {"model": "scrum.user", "pk": 9, "fields": {"password": "pbkdf2_sha256$870000$JFEldQHx6BGojBVpQgowvG$uvnnWltkfwI56XVt0WqEetiB2QG3BDv+HeMB1snUzO0=", "last_login": null, "is_superuser": false, "username": "p4", "first_name": "", "last_name": "", "email": "p4@example.com", "is_staff": false, "is_active": true, "date_joined": "2025-01-26T11:09:06.101Z", "role": null, "groups": [], "user_permissions": []}}, {"model": "scrum.user", "pk": 10, "fields": {"password": "pbkdf2_sha256$870000$Fq4IWaYjYPP9cw2JZlzaoS$anCQBObM8VVOhZMstStGn3SCXTOec2dNT9wjGbnwoKI=", "last_login": null, "is_superuser": false, "username": "p5", "first_name": "", "last_name": "", "email": "p5@example.com", "is_staff": false, "is_active": true, "date_joined": "2025-01-26T11:09:50.763Z", "role": null, "groups": [], "user_permissions": []}}, {"model": "scrum.user", "pk": 11, "fields": {"password": "pbkdf2_sha256$870000$IcV1V9eXaFvxvsERz2iIkH$ZdXPxzN0T6Ce7oWnzOfF7p5efzaa7myxR3sSg8lyJfo=", "last_login": null, "is_superuser": false, "username": "p6", "first_name": "", "last_name": "", "email": "p6@example.com", "is_staff": false, "is_active": true, "date_joined": "2025-01-26T11:45:20.960Z", "role": null, "groups": [], "user_permissions": []}}, {"model": "scrum.user", "pk": 12, "fields": {"password": "pbkdf2_sha256$870000$DeyJeGYOGqmfsHp0H6FYcQ$BSq8/udAzYH9qyFHEm0zzK0gcFTZDkjk8VRC88/bOOg=", "last_login": null, "is_superuser": false, "username": "p7", "first_name": "", "last_name": "", "email": "p7@example.com", "is_staff": false, "is_active": true, "date_joined": "2025-01-26T11:50:57.561Z", "role": null, "groups": [], "user_permissions": []}}, {"model": "scrum.user", "pk": 13, "fields": {"password": "pbkdf2_sha256$870000$OBWYGuMK2ig15Bq397vKjN$fENPltNrIiTjRidglLtsXr3AbdORI3e3TAimw/gviZ8=", "last_login": null, "is_superuser": false, "username": "p8", "first_name": "", "last_name": "", "email": "p8@example.com", "is_staff": false, "is_active": true, "date_joined": "2025-01-26T11:51:43.212Z", "role": null, "groups": [], "user_permissions": []}}, {"model": "scrum.user", "pk": 14, "fields": {"password": "pbkdf2_sha256$870000$9WN3uvpELEyD0m4hbCCPGs$LFDTyvClf4RIFmugYjZX+wftu6Z9Pd3y3ou8INffmZU=", "last_login": null, "is_superuser": false, "username": "p9", "first_name": "", "last_name": "", "email": "p9@example.com", "is_staff": false, "is_active": true, "date_joined": "2025-01-26T12:09:44.807Z", "role": null, "groups": [], "user_permissions": []}}, {"model": "scrum.team", "pk": 1, "fields": {"name": "Team Alpha", "parent_team": null, "created_by": 1}}, {"model": "scrum.team", "pk": 2, "fields": {"name": "Sub-Team Alpha", "parent_team": 1, "created_by": 1}}, {"model": "scrum.team", "pk": 3, "fields": {"name": "Team Alpha1", "parent_team": null, "created_by": 1}}, {"model": "scrum.team", "pk": 4, "fields": {"name": "Sub-Team Alpha1", "parent_team": 1, "created_by": 1}}, {"model": "scrum.team", "pk": 5, "fields": {"name": "Team Beta", "parent_team": null, "created_by": 1}}, {"model": "scrum.team", "pk": 6, "fields": {"name": "Team Shivam", "parent_team": null, "created_by": 1}}, {"model": "scrum.teammembership", "pk": 1, "fields": {"user": 1, "team": 1, "role": "Admin"}}, {"model": "scrum.teammembership", "pk": 2, "fields": {"user": 1, "team": 2, "role": "Admin"}}, {"model": "scrum.teammembership", "pk": 3, "fields": {"user": 2, "team": 1, "role": "Admin"}}, {"model": "scrum.teammembership", "pk": 4, "fields": {"user": 1, "team": 3, "role": "Admin"}}, {"model": "scrum.teammembership", "pk": 5, "fields": {"user": 1, "team": 4, "role": "Admin"}}, {"model": "scrum.teammembership", "pk": 6, "fields": {"user": 3, "team": 1, "role": "Member"}}, {"model": "scrum.teammembership", "pk": 7, "fields": {"user": 1, "team": 5, "role": "Admin"}}, {"model": "scrum.teammembership", "pk": 8, "fields": {"user": 4, "team": 5, "role": "Admin"}}, {"model": "scrum.teammembership", "pk": 9, "fields": {"user": 3, "team": 5, "role": "Member"}}, {"model": "scrum.teammembership", "pk": 10, "fields": {"user": 5, "team": 5, "role": "Member"}}, {"model": "scrum.teammembership", "pk": 11, "fields": {"user": 1, "team": 6, "role": "Admin"}}, {"model": "scrum.teammembership", "pk": 12, "fields": {"user": 6, "team": 6, "role": "Admin"}}, {"model": "scrum.teammembership", "pk": 13, "fields": {"user": 7, "team": 6, "role": "Member"}}, {"model": "scrum.teammembership", "pk": 14, "fields": {"user": 10, "team": 6, "role": "Member"}}, {"model": "scrum.teammembership", "pk": 15, "fields": {"user": 9, "team": 6, "role": "Member"}}, {"model": "scrum.teammembership", "pk": 16, "fields": {"user": 8, "team": 6, "role": "Member"}}, {"model": "scrum.teammembership", "pk": 17, "fields": {"user": 11, "team": 6, "role": "Member"}}, {"model": "scrum.teammembership", "pk": 18, "fields": {"user": 12, "team": 6, "role": "Member"}}, {"model": "scrum.teammembership", "pk": 19, "fields": {"user": 13, "team": 6, "role": "Member"}}, {"model": "scrum.teammembership", "pk": 20, "fields": {"user": 13, "team": 6, "role": "Member"}}, {"model": "scrum.teammembership", "pk": 21, "fields": {"user": 14, "team": 6, "role": "Member"}}, {"model": "authtoken.token", "pk": "056f4bc4d6858eabb312279b8f3b175a81b4eccb", "fields": {"user": 6, "created": "2025-01-26T10:30:24.198Z"}}, {"model": "authtoken.token", "pk": "1763f1561e477f1ca3a7281d2599ed1b315bd1de", "fields": {"user": 13, "created": "2025-01-26T11:51:43.673Z"}}, {"model": "authtoken.token", "pk": "1897038e8c1e0186f1e6ac27620e67288ed6f0fc", "fields": {"user": 2, "created": "2025-01-25T21:33:39.629Z"}}, {"model": "authtoken.token", "pk": "430ed4b2af7b86b1c0435d2c86090250c855cbb0", "fields": {"user": 14, "created": "2025-01-26T12:09:45.268Z"}}, {"model": "authtoken.token", "pk": "73e419aac36f284ddb7ae149da6ad55cf3cc394e", "fields": {"user": 10, "created": "2025-01-26T11:09:51.233Z"}}, {"model": "authtoken.token", "pk": "9adbf073efcb1c2fa2b817f02f6f77ac42403d6a", "fields": {"user": 9, "created": "2025-01-26T11:09:06.642Z"}}, {"model": "authtoken.token", "pk": "9fd6482462a5044056723119da6007b95f328bfb", "fields": {"user": 7, "created": "2025-01-26T10:35:50.278Z"}}, {"model": "authtoken.token", "pk": "a51626896e1289d68988a56396f95a286594af63", "fields": {"user": 1, "created": "2025-01-25T21:31:43.691Z"}}, {"model": "authtoken.token", "pk": "a5430b9924db0423bb2c307009dd174592001955", "fields": {"user": 3, "created": "2025-01-26T05:20:57.800Z"}}, {"model": "authtoken.token", "pk": "aae6d346906846cc0e4ec60786bf9168325ed496", "fields": {"user": 8, "created": "2025-01-26T10:41:38.267Z"}}, {"model": "authtoken.token", "pk": "b0d917a9ea8527b32bcb2664d226d82eaf8162f4", "fields": {"user": 4, "created": "2025-01-26T09:52:17.065Z"}}, {"model": "authtoken.token", "pk": "c0b9d28e6b47fc0a2ee046b15d757e66ddb95239", "fields": {"user": 11, "created": "2025-01-26T11:45:21.430Z"}}, {"model": "authtoken.token", "pk": "c16bf4b45678afde6cfeb0590c30b55727cbc8ca", "fields": {"user": 5, "created": "2025-01-26T10:00:33.747Z"}}, {"model": "authtoken.token", "pk": "f09e7345f7249418b6e2eabf810c8cf0178a9a39", "fields": {"user": 12, "created": "2025-01-26T11:50:58.015Z"}}]